{
  "prepare_queue": {
    "installed": [],
    "uninstalled": []
  },
  "config_munge": {
    "files": {
      "config.xml": {
        "parents": {
          "/*": [
            {
              "xml": "<feature name=\"Device\"><param name=\"browser-package\" value=\"Device\" /></feature>",
              "count": 1
            },
            {
              "xml": "<feature name=\"Camera\"><param name=\"browser-package\" value=\"Camera\" /></feature>",
              "count": 1
            }
          ]
        }
      },
      "*-Info.plist": {
        "parents": {
          "NSContactsUsageDescription": [
            {
              "xml": "<string>This app requires contacts access to create your visitor contact list</string>",
              "count": 1,
              "mode": "merge",
              "id": "config.xml"
            }
          ],
          "NSCameraUsageDescription": [
            {
              "xml": "<string>need camera access to take pictures for submit certificate</string>",
              "count": 1,
              "mode": "merge",
              "id": "config.xml"
            }
          ],
          "NSPhotoLibraryUsageDescription": [
            {
              "xml": "<string>Need photo library access to get pictures when submit payment receipt</string>",
              "count": 1,
              "mode": "merge",
              "id": "config.xml"
            }
          ],
          "NSLocationWhenInUseUsageDescription": [
            {
              "xml": "<string>need location access to find things nearby</string>",
              "count": 1,
              "mode": "merge",
              "id": "config.xml"
            }
          ],
          "NSPhotoLibraryAddUsageDescription": [
            {
              "xml": "<string>Need photo library access to save pictures</string>",
              "count": 1,
              "mode": "merge",
              "id": "config.xml"
            }
          ]
        }
      }
    }
  },
  "installed_plugins": {
    "com.darktalker.cordova.screenshot": {
      "PACKAGE_NAME": "io.framework7.simedarbyelminaresident"
    },
    "cordova-plugin-contacts-phonenumbers": {
      "PACKAGE_NAME": "io.framework7.simedarbyelminaresident"
    },
    "cordova-plugin-device": {
      "PACKAGE_NAME": "io.framework7.simedarbyelminaresident"
    },
    "cordova-plugin-file": {
      "PACKAGE_NAME": "io.framework7.simedarbyelminaresident"
    },
    "cordova-plugin-inappbrowser": {
      "PACKAGE_NAME": "io.framework7.simedarbyelminaresident"
    },
    "cordova-plugin-keyboard": {
      "PACKAGE_NAME": "io.framework7.simedarbyelminaresident"
    },
    "cordova-plugin-media": {
      "PACKAGE_NAME": "io.framework7.simedarbyelminaresident"
    },
    "cordova-plugin-safariviewcontroller": {
      "PACKAGE_NAME": "io.framework7.simedarbyelminaresident"
    },
    "cordova-plugin-splashscreen": {
      "PACKAGE_NAME": "io.framework7.simedarbyelminaresident"
    },
    "cordova-plugin-statusbar": {
      "PACKAGE_NAME": "io.framework7.simedarbyelminaresident"
    },
    "cordova-plugin-vibration": {
      "PACKAGE_NAME": "io.framework7.simedarbyelminaresident"
    },
    "cordova-plugin-whitelist": {
      "PACKAGE_NAME": "io.framework7.simedarbyelminaresident"
    },
    "cordova-plugin-wkwebview-engine": {
      "PACKAGE_NAME": "io.framework7.simedarbyelminaresident"
    },
    "es6-promise-plugin": {
      "PACKAGE_NAME": "io.framework7.simedarbyelminaresident"
    },
    "cordova-plugin-x-socialsharing": {
      "PACKAGE_NAME": "io.framework7.simedarbyelminaresident"
    },
    "cordova-plugin-decimal-keyboard": {
      "PACKAGE_NAME": "io.framework7.simedarbyelminaresident"
    },
    "phonegap-plugin-push": {
      "PACKAGE_NAME": "com.framework7.simedarbycommunity"
    },
    "cordova-custom-config": {
      "PACKAGE_NAME": "com.framework7.simedarbycommunity"
    },
    "cordova-plugin-android-permissions": {
      "PACKAGE_NAME": "com.framework7.simedarbycommunity"
    },
    "cordova-plugin-camera": {
      "PACKAGE_NAME": "com.framework7.simedarbycommunity"
    }
  },
  "dependent_plugins": {},
  "modules": [
    {
      "file": "plugins/com.darktalker.cordova.screenshot/www/Screenshot.js",
      "id": "com.darktalker.cordova.screenshot.screenshot",
      "pluginId": "com.darktalker.cordova.screenshot",
      "merges": [
        "navigator.screenshot"
      ]
    },
    {
      "file": "plugins/cordova-plugin-contacts-phonenumbers/www/contactsPhoneNumbers.js",
      "id": "cordova-plugin-contacts-phonenumbers.contactsPhoneNumbers",
      "pluginId": "cordova-plugin-contacts-phonenumbers",
      "clobbers": [
        "navigator.contactsPhoneNumbers"
      ]
    },
    {
      "file": "plugins/cordova-plugin-device/www/device.js",
      "id": "cordova-plugin-device.device",
      "pluginId": "cordova-plugin-device",
      "clobbers": [
        "device"
      ]
    },
    {
      "file": "plugins/cordova-plugin-device/src/browser/DeviceProxy.js",
      "id": "cordova-plugin-device.DeviceProxy",
      "pluginId": "cordova-plugin-device",
      "runs": true
    },
    {
      "file": "plugins/cordova-plugin-file/www/DirectoryEntry.js",
      "id": "cordova-plugin-file.DirectoryEntry",
      "pluginId": "cordova-plugin-file",
      "clobbers": [
        "window.DirectoryEntry"
      ]
    },
    {
      "file": "plugins/cordova-plugin-file/www/DirectoryReader.js",
      "id": "cordova-plugin-file.DirectoryReader",
      "pluginId": "cordova-plugin-file",
      "clobbers": [
        "window.DirectoryReader"
      ]
    },
    {
      "file": "plugins/cordova-plugin-file/www/Entry.js",
      "id": "cordova-plugin-file.Entry",
      "pluginId": "cordova-plugin-file",
      "clobbers": [
        "window.Entry"
      ]
    },
    {
      "file": "plugins/cordova-plugin-file/www/File.js",
      "id": "cordova-plugin-file.File",
      "pluginId": "cordova-plugin-file",
      "clobbers": [
        "window.File"
      ]
    },
    {
      "file": "plugins/cordova-plugin-file/www/FileEntry.js",
      "id": "cordova-plugin-file.FileEntry",
      "pluginId": "cordova-plugin-file",
      "clobbers": [
        "window.FileEntry"
      ]
    },
    {
      "file": "plugins/cordova-plugin-file/www/FileError.js",
      "id": "cordova-plugin-file.FileError",
      "pluginId": "cordova-plugin-file",
      "clobbers": [
        "window.FileError"
      ]
    },
    {
      "file": "plugins/cordova-plugin-file/www/FileReader.js",
      "id": "cordova-plugin-file.FileReader",
      "pluginId": "cordova-plugin-file",
      "clobbers": [
        "window.FileReader"
      ]
    },
    {
      "file": "plugins/cordova-plugin-file/www/FileSystem.js",
      "id": "cordova-plugin-file.FileSystem",
      "pluginId": "cordova-plugin-file",
      "clobbers": [
        "window.FileSystem"
      ]
    },
    {
      "file": "plugins/cordova-plugin-file/www/FileUploadOptions.js",
      "id": "cordova-plugin-file.FileUploadOptions",
      "pluginId": "cordova-plugin-file",
      "clobbers": [
        "window.FileUploadOptions"
      ]
    },
    {
      "file": "plugins/cordova-plugin-file/www/FileUploadResult.js",
      "id": "cordova-plugin-file.FileUploadResult",
      "pluginId": "cordova-plugin-file",
      "clobbers": [
        "window.FileUploadResult"
      ]
    },
    {
      "file": "plugins/cordova-plugin-file/www/FileWriter.js",
      "id": "cordova-plugin-file.FileWriter",
      "pluginId": "cordova-plugin-file",
      "clobbers": [
        "window.FileWriter"
      ]
    },
    {
      "file": "plugins/cordova-plugin-file/www/Flags.js",
      "id": "cordova-plugin-file.Flags",
      "pluginId": "cordova-plugin-file",
      "clobbers": [
        "window.Flags"
      ]
    },
    {
      "file": "plugins/cordova-plugin-file/www/LocalFileSystem.js",
      "id": "cordova-plugin-file.LocalFileSystem",
      "pluginId": "cordova-plugin-file",
      "clobbers": [
        "window.LocalFileSystem"
      ],
      "merges": [
        "window"
      ]
    },
    {
      "file": "plugins/cordova-plugin-file/www/Metadata.js",
      "id": "cordova-plugin-file.Metadata",
      "pluginId": "cordova-plugin-file",
      "clobbers": [
        "window.Metadata"
      ]
    },
    {
      "file": "plugins/cordova-plugin-file/www/ProgressEvent.js",
      "id": "cordova-plugin-file.ProgressEvent",
      "pluginId": "cordova-plugin-file",
      "clobbers": [
        "window.ProgressEvent"
      ]
    },
    {
      "file": "plugins/cordova-plugin-file/www/fileSystems.js",
      "id": "cordova-plugin-file.fileSystems",
      "pluginId": "cordova-plugin-file"
    },
    {
      "file": "plugins/cordova-plugin-file/www/requestFileSystem.js",
      "id": "cordova-plugin-file.requestFileSystem",
      "pluginId": "cordova-plugin-file",
      "clobbers": [
        "window.requestFileSystem"
      ]
    },
    {
      "file": "plugins/cordova-plugin-file/www/resolveLocalFileSystemURI.js",
      "id": "cordova-plugin-file.resolveLocalFileSystemURI",
      "pluginId": "cordova-plugin-file",
      "merges": [
        "window"
      ]
    },
    {
      "file": "plugins/cordova-plugin-file/www/browser/isChrome.js",
      "id": "cordova-plugin-file.isChrome",
      "pluginId": "cordova-plugin-file",
      "runs": true
    },
    {
      "file": "plugins/cordova-plugin-file/www/browser/Preparing.js",
      "id": "cordova-plugin-file.Preparing",
      "pluginId": "cordova-plugin-file",
      "runs": true
    },
    {
      "file": "plugins/cordova-plugin-file/src/browser/FileProxy.js",
      "id": "cordova-plugin-file.browserFileProxy",
      "pluginId": "cordova-plugin-file",
      "runs": true
    },
    {
      "file": "plugins/cordova-plugin-file/www/fileSystemPaths.js",
      "id": "cordova-plugin-file.fileSystemPaths",
      "pluginId": "cordova-plugin-file",
      "merges": [
        "cordova"
      ],
      "runs": true
    },
    {
      "file": "plugins/cordova-plugin-file/www/browser/FileSystem.js",
      "id": "cordova-plugin-file.firefoxFileSystem",
      "pluginId": "cordova-plugin-file",
      "merges": [
        "window.FileSystem"
      ]
    },
    {
      "file": "plugins/cordova-plugin-inappbrowser/www/inappbrowser.js",
      "id": "cordova-plugin-inappbrowser.inappbrowser",
      "pluginId": "cordova-plugin-inappbrowser",
      "clobbers": [
        "cordova.InAppBrowser.open",
        "window.open"
      ]
    },
    {
      "file": "plugins/cordova-plugin-inappbrowser/src/browser/InAppBrowserProxy.js",
      "id": "cordova-plugin-inappbrowser.InAppBrowserProxy",
      "pluginId": "cordova-plugin-inappbrowser",
      "runs": true
    },
    {
      "file": "plugins/cordova-plugin-keyboard/www/keyboard.js",
      "id": "cordova-plugin-keyboard.keyboard",
      "pluginId": "cordova-plugin-keyboard",
      "clobbers": [
        "window.Keyboard"
      ]
    },
    {
      "file": "plugins/cordova-plugin-media/www/MediaError.js",
      "id": "cordova-plugin-media.MediaError",
      "pluginId": "cordova-plugin-media",
      "clobbers": [
        "window.MediaError"
      ]
    },
    {
      "file": "plugins/cordova-plugin-media/www/Media.js",
      "id": "cordova-plugin-media.Media",
      "pluginId": "cordova-plugin-media",
      "clobbers": [
        "window.Media"
      ]
    },
    {
      "file": "plugins/cordova-plugin-media/www/browser/Media.js",
      "id": "cordova-plugin-media.BrowserMedia",
      "pluginId": "cordova-plugin-media",
      "clobbers": [
        "window.Media"
      ]
    },
    {
      "file": "plugins/cordova-plugin-safariviewcontroller/www/SafariViewController.js",
      "id": "cordova-plugin-safariviewcontroller.SafariViewController",
      "pluginId": "cordova-plugin-safariviewcontroller",
      "clobbers": [
        "SafariViewController"
      ]
    },
    {
      "file": "plugins/cordova-plugin-splashscreen/www/splashscreen.js",
      "id": "cordova-plugin-splashscreen.SplashScreen",
      "pluginId": "cordova-plugin-splashscreen",
      "clobbers": [
        "navigator.splashscreen"
      ]
    },
    {
      "file": "plugins/cordova-plugin-splashscreen/src/browser/SplashScreenProxy.js",
      "id": "cordova-plugin-splashscreen.SplashScreenProxy",
      "pluginId": "cordova-plugin-splashscreen",
      "runs": true
    },
    {
      "file": "plugins/cordova-plugin-statusbar/www/statusbar.js",
      "id": "cordova-plugin-statusbar.statusbar",
      "pluginId": "cordova-plugin-statusbar",
      "clobbers": [
        "window.StatusBar"
      ]
    },
    {
      "file": "plugins/cordova-plugin-statusbar/src/browser/StatusBarProxy.js",
      "id": "cordova-plugin-statusbar.StatusBarProxy",
      "pluginId": "cordova-plugin-statusbar",
      "runs": true
    },
    {
      "file": "plugins/cordova-plugin-vibration/src/browser/Vibration.js",
      "id": "cordova-plugin-vibration.Vibration",
      "pluginId": "cordova-plugin-vibration",
      "merges": [
        "navigator"
      ]
    },
    {
      "file": "plugins/cordova-plugin-vibration/www/vibration.js",
      "id": "cordova-plugin-vibration.notification",
      "pluginId": "cordova-plugin-vibration",
      "merges": [
        "navigator"
      ]
    },
    {
      "file": "plugins/es6-promise-plugin/www/promise.js",
      "id": "es6-promise-plugin.Promise",
      "pluginId": "es6-promise-plugin",
      "runs": true
    },
    {
      "file": "plugins/cordova-plugin-x-socialsharing/www/SocialSharing.js",
      "id": "cordova-plugin-x-socialsharing.SocialSharing",
      "pluginId": "cordova-plugin-x-socialsharing",
      "clobbers": [
        "window.plugins.socialsharing"
      ]
    },
    {
      "file": "plugins/cordova-plugin-decimal-keyboard/www/decimal-keyboard.js",
      "id": "cordova-plugin-decimal-keyboard.decimalKeyboard",
      "pluginId": "cordova-plugin-decimal-keyboard",
      "clobbers": [
        "window.DecimalKeyboard"
      ]
    },
    {
      "file": "plugins/phonegap-plugin-push/www/push.js",
      "id": "phonegap-plugin-push.PushNotification",
      "pluginId": "phonegap-plugin-push",
      "clobbers": [
        "PushNotification"
      ]
    },
    {
      "file": "plugins/phonegap-plugin-push/www/browser/push.js",
      "id": "phonegap-plugin-push.BrowserPush",
      "pluginId": "phonegap-plugin-push",
      "clobbers": [
        "PushNotification"
      ]
    },
    {
      "file": "plugins/cordova-plugin-android-permissions/www/permissions-dummy.js",
      "id": "cordova-plugin-android-permissions.Permissions",
      "pluginId": "cordova-plugin-android-permissions",
      "clobbers": [
        "cordova.plugins.permissions"
      ]
    },
    {
      "file": "plugins/cordova-plugin-camera/www/CameraConstants.js",
      "id": "cordova-plugin-camera.Camera",
      "pluginId": "cordova-plugin-camera",
      "clobbers": [
        "Camera"
      ]
    },
    {
      "file": "plugins/cordova-plugin-camera/www/CameraPopoverOptions.js",
      "id": "cordova-plugin-camera.CameraPopoverOptions",
      "pluginId": "cordova-plugin-camera",
      "clobbers": [
        "CameraPopoverOptions"
      ]
    },
    {
      "file": "plugins/cordova-plugin-camera/www/Camera.js",
      "id": "cordova-plugin-camera.camera",
      "pluginId": "cordova-plugin-camera",
      "clobbers": [
        "navigator.camera"
      ]
    },
    {
      "file": "plugins/cordova-plugin-camera/src/browser/CameraProxy.js",
      "id": "cordova-plugin-camera.CameraProxy",
      "pluginId": "cordova-plugin-camera",
      "runs": true
    }
  ],
  "plugin_metadata": {
    "com.darktalker.cordova.screenshot": "0.1.6",
    "cordova-plugin-contacts-phonenumbers": "0.0.12",
    "cordova-plugin-device": "2.0.2",
    "cordova-plugin-file": "6.0.1",
    "cordova-plugin-inappbrowser": "3.0.0",
    "cordova-plugin-keyboard": "1.2.0",
    "cordova-plugin-media": "5.0.2",
    "cordova-plugin-safariviewcontroller": "1.6.0",
    "cordova-plugin-splashscreen": "5.0.2",
    "cordova-plugin-statusbar": "2.4.2",
    "cordova-plugin-vibration": "3.1.1",
    "cordova-plugin-whitelist": "1.3.3",
    "cordova-plugin-wkwebview-engine": "1.1.4",
    "es6-promise-plugin": "4.2.2",
    "cordova-plugin-x-socialsharing": "5.6.0",
    "cordova-plugin-decimal-keyboard": "1.1.0",
    "phonegap-plugin-push": "2.3.0",
    "cordova-custom-config": "5.1.0",
    "cordova-plugin-android-permissions": "1.1.2",
    "cordova-plugin-camera": "4.1.0"
  }
}
