{
  "prepare_queue": {
    "installed": [],
    "uninstalled": []
  },
  "config_munge": {
    "files": {
      "*-Info.plist": {
        "parents": {
          "NSContactsUsageDescription": [
            {
              "xml": "<string>This app requires contacts access</string>",
              "count": 1,
              "mode": "merge",
              "id": "config.xml"
            }
          ],
          "NSCameraUsageDescription": [
            {
              "xml": "<string>need camera access to take pictures</string>",
              "count": 1,
              "mode": "merge",
              "id": "config.xml"
            }
          ],
          "NSPhotoLibraryUsageDescription": [
            {
              "xml": "<string>need photo library access to get pictures from there</string>",
              "count": 1,
              "mode": "merge",
              "id": "config.xml"
            }
          ],
          "NSLocationWhenInUseUsageDescription": [
            {
              "xml": "<string>need location access to find things nearby</string>",
              "count": 1,
              "mode": "merge",
              "id": "config.xml"
            }
          ],
          "NSPhotoLibraryAddUsageDescription": [
            {
              "xml": "<string>need photo library access to save pictures there</string>",
              "count": 1,
              "mode": "merge",
              "id": "config.xml"
            }
          ]
        }
      },
      "app/src/main/AndroidManifest.xml": {
        "parents": {
          "/manifest/application": [
            {
              "xml": "<application android:usesCleartextTraffic=\"true\" />",
              "count": 1,
              "mode": "merge",
              "id": "config.xml",
              "oldAttrib": {
                "android:hardwareAccelerated": "true",
                "android:icon": "@mipmap/icon",
                "android:label": "@string/app_name",
                "android:supportsRtl": "true",
                "android:usesCleartextTraffic": "true"
              }
            }
          ]
        }
      },
      "res/xml/config.xml": {
        "parents": {
          "/*": [
            {
              "xml": "<feature name=\"Screenshot\"><param name=\"android-package\" value=\"com.darktalker.cordova.screenshot.Screenshot\" /></feature>",
              "count": 1
            },
            {
              "xml": "<feature name=\"Camera\"><param name=\"android-package\" value=\"org.apache.cordova.camera.CameraLauncher\" /></feature>",
              "count": 1
            },
            {
              "xml": "<feature name=\"ContactsPhoneNumbers\"><param name=\"android-package\" value=\"com.dbaq.cordova.contactsPhoneNumbers.ContactsManager\" /></feature>",
              "count": 1
            },
            {
              "xml": "<feature name=\"Device\"><param name=\"android-package\" value=\"org.apache.cordova.device.Device\" /></feature>",
              "count": 1
            },
            {
              "xml": "<feature name=\"File\"><param name=\"android-package\" value=\"org.apache.cordova.file.FileUtils\" /><param name=\"onload\" value=\"true\" /></feature>",
              "count": 1
            },
            {
              "xml": "<allow-navigation href=\"cdvfile:*\" />",
              "count": 1
            },
            {
              "xml": "<feature name=\"InAppBrowser\"><param name=\"android-package\" value=\"org.apache.cordova.inappbrowser.InAppBrowser\" /></feature>",
              "count": 1
            },
            {
              "xml": "<feature name=\"Media\"><param name=\"android-package\" value=\"org.apache.cordova.media.AudioHandler\" /></feature>",
              "count": 1
            },
            {
              "xml": "<feature name=\"SplashScreen\"><param name=\"android-package\" value=\"org.apache.cordova.splashscreen.SplashScreen\" /><param name=\"onload\" value=\"true\" /></feature>",
              "count": 1
            },
            {
              "xml": "<feature name=\"StatusBar\"><param name=\"android-package\" value=\"org.apache.cordova.statusbar.StatusBar\" /><param name=\"onload\" value=\"true\" /></feature>",
              "count": 1
            },
            {
              "xml": "<feature name=\"Whitelist\"><param name=\"android-package\" value=\"org.apache.cordova.whitelist.WhitelistPlugin\" /><param name=\"onload\" value=\"true\" /></feature>",
              "count": 1
            },
            {
              "xml": "<feature name=\"SocialSharing\"><param name=\"android-package\" value=\"nl.xservices.plugins.SocialSharing\" /></feature>",
              "count": 1
            },
            {
              "xml": "<feature name=\"PushNotification\"><param name=\"android-package\" value=\"com.adobe.phonegap.push.PushPlugin\" /></feature>",
              "count": 1
            }
          ]
        }
      },
      "AndroidManifest.xml": {
        "parents": {
          "/*": [
            {
              "xml": "<uses-permission android:name=\"android.permission.WRITE_EXTERNAL_STORAGE\" />",
              "count": 4
            },
            {
              "xml": "<uses-permission android:name=\"android.permission.READ_CONTACTS\" />",
              "count": 1
            },
            {
              "xml": "<uses-permission android:name=\"android.permission.RECORD_AUDIO\" />",
              "count": 1
            },
            {
              "xml": "<uses-permission android:name=\"android.permission.MODIFY_AUDIO_SETTINGS\" />",
              "count": 1
            },
            {
              "xml": "<uses-permission android:name=\"android.permission.READ_PHONE_STATE\" />",
              "count": 1
            }
          ],
          "application": [
            {
              "xml": "<provider android:authorities=\"${applicationId}.provider\" android:exported=\"false\" android:grantUriPermissions=\"true\" android:name=\"org.apache.cordova.camera.FileProvider\"><meta-data android:name=\"android.support.FILE_PROVIDER_PATHS\" android:resource=\"@xml/camera_provider_paths\" /></provider>",
              "count": 1
            }
          ],
          "/manifest": [
            {
              "xml": "<uses-permission android:name=\"android.permission.VIBRATE\" />",
              "count": 2
            },
            {
              "xml": "<uses-permission android:name=\"android.permission.INTERNET\" />",
              "count": 1
            },
            {
              "xml": "<uses-permission android:name=\"android.permission.ACCESS_NETWORK_STATE\" />",
              "count": 1
            },
            {
              "xml": "<uses-permission android:name=\"android.permission.WAKE_LOCK\" />",
              "count": 1
            }
          ],
          "/*/application": [
            {
              "xml": "<receiver android:enabled=\"true\" android:name=\"nl.xservices.plugins.ShareChooserPendingIntent\"><intent-filter><action android:name=\"android.intent.action.SEND\" /></intent-filter></receiver>",
              "count": 1
            }
          ],
          "/manifest/application": [
            {
              "xml": "<provider android:authorities=\"${applicationId}.sharing.provider\" android:exported=\"false\" android:grantUriPermissions=\"true\" android:name=\"nl.xservices.plugins.FileProvider\"><meta-data android:name=\"android.support.FILE_PROVIDER_PATHS\" android:resource=\"@xml/sharing_paths\" /></provider>",
              "count": 1
            },
            {
              "xml": "<activity android:exported=\"true\" android:name=\"com.adobe.phonegap.push.PushHandlerActivity\" android:permission=\"${applicationId}.permission.PushHandlerActivity\" />",
              "count": 1
            },
            {
              "xml": "<receiver android:name=\"com.adobe.phonegap.push.BackgroundActionButtonHandler\" />",
              "count": 1
            },
            {
              "xml": "<receiver android:name=\"com.adobe.phonegap.push.PushDismissedHandler\" />",
              "count": 1
            },
            {
              "xml": "<service android:name=\"com.adobe.phonegap.push.FCMService\"><intent-filter><action android:name=\"com.google.firebase.MESSAGING_EVENT\" /></intent-filter></service>",
              "count": 1
            },
            {
              "xml": "<service android:name=\"com.adobe.phonegap.push.PushInstanceIDListenerService\"><intent-filter><action android:name=\"com.google.firebase.INSTANCE_ID_EVENT\" /></intent-filter></service>",
              "count": 1
            }
          ]
        }
      },
      "config.xml": {
        "parents": {
          "/*": [
            {
              "xml": "<feature name=\"Keyboard\"><param name=\"android-package\" onload=\"true\" value=\"org.apache.cordova.labs.keyboard.Keyboard\" /></feature>",
              "count": 1
            },
            {
              "xml": "<feature name=\"SafariViewController\"><param name=\"android-package\" value=\"com.customtabplugin.ChromeCustomTabPlugin\" /><param name=\"onload\" value=\"true\" /></feature>",
              "count": 1
            }
          ]
        }
      }
    }
  },
  "installed_plugins": {
    "com.darktalker.cordova.screenshot": {
      "PACKAGE_NAME": "com.framework7.simedarbycommunity"
    },
    "cordova-plugin-camera": {
      "ANDROID_SUPPORT_V4_VERSION": "27.+",
      "PACKAGE_NAME": "com.framework7.simedarbycommunity"
    },
    "cordova-plugin-contacts-phonenumbers": {
      "PACKAGE_NAME": "com.framework7.simedarbycommunity"
    },
    "cordova-plugin-decimal-keyboard": {
      "PACKAGE_NAME": "com.framework7.simedarbycommunity"
    },
    "cordova-plugin-device": {
      "PACKAGE_NAME": "com.framework7.simedarbycommunity"
    },
    "cordova-plugin-file": {
      "PACKAGE_NAME": "com.framework7.simedarbycommunity"
    },
    "cordova-plugin-inappbrowser": {
      "PACKAGE_NAME": "com.framework7.simedarbycommunity"
    },
    "cordova-plugin-keyboard": {
      "PACKAGE_NAME": "com.framework7.simedarbycommunity"
    },
    "cordova-plugin-media": {
      "PACKAGE_NAME": "com.framework7.simedarbycommunity"
    },
    "cordova-plugin-safariviewcontroller": {
      "PACKAGE_NAME": "com.framework7.simedarbycommunity"
    },
    "cordova-plugin-splashscreen": {
      "PACKAGE_NAME": "com.framework7.simedarbycommunity"
    },
    "cordova-plugin-statusbar": {
      "PACKAGE_NAME": "com.framework7.simedarbycommunity"
    },
    "cordova-plugin-vibration": {
      "PACKAGE_NAME": "com.framework7.simedarbycommunity"
    },
    "cordova-plugin-whitelist": {
      "PACKAGE_NAME": "com.framework7.simedarbycommunity"
    },
    "cordova-plugin-wkwebview-engine": {
      "PACKAGE_NAME": "com.framework7.simedarbycommunity"
    },
    "es6-promise-plugin": {
      "PACKAGE_NAME": "com.framework7.simedarbycommunity"
    },
    "cordova-plugin-x-socialsharing": {
      "ANDROID_SUPPORT_V4_VERSION": "24.1.1+",
      "PACKAGE_NAME": "com.framework7.simedarbycommunity"
    },
    "cordova-support-google-services": {
      "PACKAGE_NAME": "com.framework7.simedarbycommunity"
    },
    "phonegap-plugin-multidex": {
      "PACKAGE_NAME": "com.framework7.simedarbycommunity"
    },
    "phonegap-plugin-push": {
      "ANDROID_SUPPORT_V13_VERSION": "27.+",
      "FCM_VERSION": "17.0.+",
      "PACKAGE_NAME": "com.framework7.simedarbycommunity"
    }
  },
  "dependent_plugins": {},
  "modules": [
    {
      "id": "com.darktalker.cordova.screenshot.screenshot",
      "file": "plugins/com.darktalker.cordova.screenshot/www/Screenshot.js",
      "pluginId": "com.darktalker.cordova.screenshot",
      "merges": [
        "navigator.screenshot"
      ]
    },
    {
      "id": "cordova-plugin-camera.Camera",
      "file": "plugins/cordova-plugin-camera/www/CameraConstants.js",
      "pluginId": "cordova-plugin-camera",
      "clobbers": [
        "Camera"
      ]
    },
    {
      "id": "cordova-plugin-camera.CameraPopoverOptions",
      "file": "plugins/cordova-plugin-camera/www/CameraPopoverOptions.js",
      "pluginId": "cordova-plugin-camera",
      "clobbers": [
        "CameraPopoverOptions"
      ]
    },
    {
      "id": "cordova-plugin-camera.camera",
      "file": "plugins/cordova-plugin-camera/www/Camera.js",
      "pluginId": "cordova-plugin-camera",
      "clobbers": [
        "navigator.camera"
      ]
    },
    {
      "id": "cordova-plugin-camera.CameraPopoverHandle",
      "file": "plugins/cordova-plugin-camera/www/CameraPopoverHandle.js",
      "pluginId": "cordova-plugin-camera",
      "clobbers": [
        "CameraPopoverHandle"
      ]
    },
    {
      "id": "cordova-plugin-contacts-phonenumbers.contactsPhoneNumbers",
      "file": "plugins/cordova-plugin-contacts-phonenumbers/www/contactsPhoneNumbers.js",
      "pluginId": "cordova-plugin-contacts-phonenumbers",
      "clobbers": [
        "navigator.contactsPhoneNumbers"
      ]
    },
    {
      "id": "cordova-plugin-decimal-keyboard.decimalKeyboard",
      "file": "plugins/cordova-plugin-decimal-keyboard/www/decimal-keyboard.js",
      "pluginId": "cordova-plugin-decimal-keyboard",
      "clobbers": [
        "window.DecimalKeyboard"
      ]
    },
    {
      "id": "cordova-plugin-device.device",
      "file": "plugins/cordova-plugin-device/www/device.js",
      "pluginId": "cordova-plugin-device",
      "clobbers": [
        "device"
      ]
    },
    {
      "id": "cordova-plugin-file.DirectoryEntry",
      "file": "plugins/cordova-plugin-file/www/DirectoryEntry.js",
      "pluginId": "cordova-plugin-file",
      "clobbers": [
        "window.DirectoryEntry"
      ]
    },
    {
      "id": "cordova-plugin-file.DirectoryReader",
      "file": "plugins/cordova-plugin-file/www/DirectoryReader.js",
      "pluginId": "cordova-plugin-file",
      "clobbers": [
        "window.DirectoryReader"
      ]
    },
    {
      "id": "cordova-plugin-file.Entry",
      "file": "plugins/cordova-plugin-file/www/Entry.js",
      "pluginId": "cordova-plugin-file",
      "clobbers": [
        "window.Entry"
      ]
    },
    {
      "id": "cordova-plugin-file.File",
      "file": "plugins/cordova-plugin-file/www/File.js",
      "pluginId": "cordova-plugin-file",
      "clobbers": [
        "window.File"
      ]
    },
    {
      "id": "cordova-plugin-file.FileEntry",
      "file": "plugins/cordova-plugin-file/www/FileEntry.js",
      "pluginId": "cordova-plugin-file",
      "clobbers": [
        "window.FileEntry"
      ]
    },
    {
      "id": "cordova-plugin-file.FileError",
      "file": "plugins/cordova-plugin-file/www/FileError.js",
      "pluginId": "cordova-plugin-file",
      "clobbers": [
        "window.FileError"
      ]
    },
    {
      "id": "cordova-plugin-file.FileReader",
      "file": "plugins/cordova-plugin-file/www/FileReader.js",
      "pluginId": "cordova-plugin-file",
      "clobbers": [
        "window.FileReader"
      ]
    },
    {
      "id": "cordova-plugin-file.FileSystem",
      "file": "plugins/cordova-plugin-file/www/FileSystem.js",
      "pluginId": "cordova-plugin-file",
      "clobbers": [
        "window.FileSystem"
      ]
    },
    {
      "id": "cordova-plugin-file.FileUploadOptions",
      "file": "plugins/cordova-plugin-file/www/FileUploadOptions.js",
      "pluginId": "cordova-plugin-file",
      "clobbers": [
        "window.FileUploadOptions"
      ]
    },
    {
      "id": "cordova-plugin-file.FileUploadResult",
      "file": "plugins/cordova-plugin-file/www/FileUploadResult.js",
      "pluginId": "cordova-plugin-file",
      "clobbers": [
        "window.FileUploadResult"
      ]
    },
    {
      "id": "cordova-plugin-file.FileWriter",
      "file": "plugins/cordova-plugin-file/www/FileWriter.js",
      "pluginId": "cordova-plugin-file",
      "clobbers": [
        "window.FileWriter"
      ]
    },
    {
      "id": "cordova-plugin-file.Flags",
      "file": "plugins/cordova-plugin-file/www/Flags.js",
      "pluginId": "cordova-plugin-file",
      "clobbers": [
        "window.Flags"
      ]
    },
    {
      "id": "cordova-plugin-file.LocalFileSystem",
      "file": "plugins/cordova-plugin-file/www/LocalFileSystem.js",
      "pluginId": "cordova-plugin-file",
      "clobbers": [
        "window.LocalFileSystem"
      ],
      "merges": [
        "window"
      ]
    },
    {
      "id": "cordova-plugin-file.Metadata",
      "file": "plugins/cordova-plugin-file/www/Metadata.js",
      "pluginId": "cordova-plugin-file",
      "clobbers": [
        "window.Metadata"
      ]
    },
    {
      "id": "cordova-plugin-file.ProgressEvent",
      "file": "plugins/cordova-plugin-file/www/ProgressEvent.js",
      "pluginId": "cordova-plugin-file",
      "clobbers": [
        "window.ProgressEvent"
      ]
    },
    {
      "id": "cordova-plugin-file.fileSystems",
      "file": "plugins/cordova-plugin-file/www/fileSystems.js",
      "pluginId": "cordova-plugin-file"
    },
    {
      "id": "cordova-plugin-file.requestFileSystem",
      "file": "plugins/cordova-plugin-file/www/requestFileSystem.js",
      "pluginId": "cordova-plugin-file",
      "clobbers": [
        "window.requestFileSystem"
      ]
    },
    {
      "id": "cordova-plugin-file.resolveLocalFileSystemURI",
      "file": "plugins/cordova-plugin-file/www/resolveLocalFileSystemURI.js",
      "pluginId": "cordova-plugin-file",
      "merges": [
        "window"
      ]
    },
    {
      "id": "cordova-plugin-file.isChrome",
      "file": "plugins/cordova-plugin-file/www/browser/isChrome.js",
      "pluginId": "cordova-plugin-file",
      "runs": true
    },
    {
      "id": "cordova-plugin-file.androidFileSystem",
      "file": "plugins/cordova-plugin-file/www/android/FileSystem.js",
      "pluginId": "cordova-plugin-file",
      "merges": [
        "FileSystem"
      ]
    },
    {
      "id": "cordova-plugin-file.fileSystems-roots",
      "file": "plugins/cordova-plugin-file/www/fileSystems-roots.js",
      "pluginId": "cordova-plugin-file",
      "runs": true
    },
    {
      "id": "cordova-plugin-file.fileSystemPaths",
      "file": "plugins/cordova-plugin-file/www/fileSystemPaths.js",
      "pluginId": "cordova-plugin-file",
      "merges": [
        "cordova"
      ],
      "runs": true
    },
    {
      "id": "cordova-plugin-inappbrowser.inappbrowser",
      "file": "plugins/cordova-plugin-inappbrowser/www/inappbrowser.js",
      "pluginId": "cordova-plugin-inappbrowser",
      "clobbers": [
        "cordova.InAppBrowser.open",
        "window.open"
      ]
    },
    {
      "id": "cordova-plugin-keyboard.keyboard",
      "file": "plugins/cordova-plugin-keyboard/www/keyboard.js",
      "pluginId": "cordova-plugin-keyboard",
      "clobbers": [
        "window.Keyboard"
      ]
    },
    {
      "id": "cordova-plugin-media.MediaError",
      "file": "plugins/cordova-plugin-media/www/MediaError.js",
      "pluginId": "cordova-plugin-media",
      "clobbers": [
        "window.MediaError"
      ]
    },
    {
      "id": "cordova-plugin-media.Media",
      "file": "plugins/cordova-plugin-media/www/Media.js",
      "pluginId": "cordova-plugin-media",
      "clobbers": [
        "window.Media"
      ]
    },
    {
      "id": "cordova-plugin-safariviewcontroller.SafariViewController",
      "file": "plugins/cordova-plugin-safariviewcontroller/www/SafariViewController.js",
      "pluginId": "cordova-plugin-safariviewcontroller",
      "clobbers": [
        "SafariViewController"
      ]
    },
    {
      "id": "cordova-plugin-splashscreen.SplashScreen",
      "file": "plugins/cordova-plugin-splashscreen/www/splashscreen.js",
      "pluginId": "cordova-plugin-splashscreen",
      "clobbers": [
        "navigator.splashscreen"
      ]
    },
    {
      "id": "cordova-plugin-statusbar.statusbar",
      "file": "plugins/cordova-plugin-statusbar/www/statusbar.js",
      "pluginId": "cordova-plugin-statusbar",
      "clobbers": [
        "window.StatusBar"
      ]
    },
    {
      "id": "es6-promise-plugin.Promise",
      "file": "plugins/es6-promise-plugin/www/promise.js",
      "pluginId": "es6-promise-plugin",
      "runs": true
    },
    {
      "id": "cordova-plugin-x-socialsharing.SocialSharing",
      "file": "plugins/cordova-plugin-x-socialsharing/www/SocialSharing.js",
      "pluginId": "cordova-plugin-x-socialsharing",
      "clobbers": [
        "window.plugins.socialsharing"
      ]
    },
    {
      "id": "phonegap-plugin-push.PushNotification",
      "file": "plugins/phonegap-plugin-push/www/push.js",
      "pluginId": "phonegap-plugin-push",
      "clobbers": [
        "PushNotification"
      ]
    }
  ],
  "plugin_metadata": {
    "com.darktalker.cordova.screenshot": "0.1.6",
    "cordova-plugin-camera": "4.1.0",
    "cordova-plugin-contacts-phonenumbers": "0.0.12",
    "cordova-plugin-decimal-keyboard": "1.1.0",
    "cordova-plugin-device": "2.0.2",
    "cordova-plugin-file": "6.0.1",
    "cordova-plugin-inappbrowser": "3.0.0",
    "cordova-plugin-keyboard": "1.2.0",
    "cordova-plugin-media": "5.0.2",
    "cordova-plugin-safariviewcontroller": "1.6.0",
    "cordova-plugin-splashscreen": "5.0.2",
    "cordova-plugin-statusbar": "2.4.2",
    "cordova-plugin-vibration": "3.1.1",
    "cordova-plugin-whitelist": "1.3.3",
    "cordova-plugin-wkwebview-engine": "1.1.4",
    "es6-promise-plugin": "4.2.2",
    "cordova-plugin-x-socialsharing": "5.6.0",
    "cordova-support-google-services": "1.3.2",
    "phonegap-plugin-multidex": "1.0.0",
    "phonegap-plugin-push": "2.3.0"
  }
}