{
  "prepare_queue": {
    "installed": [],
    "uninstalled": []
  },
  "config_munge": {
    "files": {
      "*-Info.plist": {
        "parents": {
          "NSContactsUsageDescription": [
            {
              "xml": "<string>This app requires contacts access</string>",
              "count": 1,
              "mode": "merge",
              "id": "config.xml"
            }
          ],
          "NSCameraUsageDescription": [
            {
              "xml": "<string>need camera access to take pictures</string>",
              "count": 1,
              "mode": "merge",
              "id": "config.xml"
            }
          ],
          "NSPhotoLibraryUsageDescription": [
            {
              "xml": "<string>need photo library access to get pictures from there</string>",
              "count": 1,
              "mode": "merge",
              "id": "config.xml"
            }
          ],
          "NSLocationWhenInUseUsageDescription": [
            {
              "xml": "<string>need location access to find things nearby</string>",
              "count": 1,
              "mode": "merge",
              "id": "config.xml"
            }
          ],
          "NSPhotoLibraryAddUsageDescription": [
            {
              "xml": "<string>need photo library access to save pictures there</string>",
              "count": 1,
              "mode": "merge",
              "id": "config.xml"
            }
          ],
          "CFBundleAllowMixedLocalizations": [
            {
              "xml": "<true />",
              "count": 74
            }
          ],
          "UIBackgroundModes": [
            {
              "xml": "<array><string>remote-notification</string></array>",
              "count": 1
            }
          ]
        }
      },
      "config.xml": {
        "parents": {
          "/*": [
            {
              "xml": "<feature name=\"Screenshot\"><param name=\"ios-package\" value=\"Screenshot\" /></feature>",
              "count": 1
            },
            {
              "xml": "<feature name=\"Camera\"><param name=\"ios-package\" value=\"CDVCamera\" /></feature>",
              "count": 1
            },
            {
              "xml": "<preference name=\"CameraUsesGeolocation\" value=\"false\" />",
              "count": 1
            },
            {
              "xml": "<feature name=\"ContactsPhoneNumbers\"><param name=\"ios-package\" value=\"CDVContactsPhoneNumbers\" /></feature>",
              "count": 1
            },
            {
              "xml": "<feature name=\"DecimalKeyboard\"><param name=\"ios-package\" onload=\"true\" value=\"CDVDecimalKeyboard\" /></feature>",
              "count": 1
            },
            {
              "xml": "<feature name=\"Device\"><param name=\"ios-package\" value=\"CDVDevice\" /></feature>",
              "count": 1
            },
            {
              "xml": "<feature name=\"File\"><param name=\"ios-package\" value=\"CDVFile\" /><param name=\"onload\" value=\"true\" /></feature>",
              "count": 1
            },
            {
              "xml": "<feature name=\"InAppBrowser\"><param name=\"ios-package\" value=\"CDVInAppBrowser\" /></feature>",
              "count": 1
            },
            {
              "xml": "<feature name=\"Keyboard\"><param name=\"ios-package\" onload=\"true\" value=\"CDVKeyboard\" /></feature>",
              "count": 1
            },
            {
              "xml": "<feature name=\"Media\"><param name=\"ios-package\" value=\"CDVSound\" /></feature>",
              "count": 1
            },
            {
              "xml": "<preference name=\"KeepAVAudioSessionAlwaysActive\" value=\"NO\" />",
              "count": 1
            },
            {
              "xml": "<feature name=\"SafariViewController\"><param name=\"ios-package\" value=\"SafariViewController\" /></feature>",
              "count": 1
            },
            {
              "xml": "<feature name=\"SplashScreen\"><param name=\"ios-package\" value=\"CDVSplashScreen\" /><param name=\"onload\" value=\"true\" /></feature>",
              "count": 1
            },
            {
              "xml": "<feature name=\"StatusBar\"><param name=\"ios-package\" value=\"CDVStatusBar\" /><param name=\"onload\" value=\"true\" /></feature>",
              "count": 1
            },
            {
              "xml": "<preference name=\"StatusBarOverlaysWebView\" value=\"true\" />",
              "count": 1
            },
            {
              "xml": "<preference name=\"StatusBarStyle\" value=\"lightcontent\" />",
              "count": 1
            },
            {
              "xml": "<feature name=\"Vibration\"><param name=\"ios-package\" value=\"CDVVibration\" /></feature>",
              "count": 1
            },
            {
              "xml": "<feature name=\"CDVWKWebViewEngine\"><param name=\"ios-package\" value=\"CDVWKWebViewEngine\" /></feature>",
              "count": 1
            },
            {
              "xml": "<preference name=\"CordovaWebViewEngine\" value=\"CDVWKWebViewEngine\" />",
              "count": 1
            },
            {
              "xml": "<feature name=\"SocialSharing\"><param name=\"ios-package\" value=\"SocialSharing\" /><param name=\"onload\" value=\"true\" /></feature>",
              "count": 1
            },
            {
              "xml": "<feature name=\"PushNotification\"><param name=\"ios-package\" value=\"PushPlugin\" /></feature>",
              "count": 1
            }
          ]
        }
      },
      "*-Debug.plist": {
        "parents": {
          "aps-environment": [
            {
              "xml": "<string>development</string>",
              "count": 1
            }
          ]
        }
      },
      "*-Release.plist": {
        "parents": {
          "aps-environment": [
            {
              "xml": "<string>production</string>",
              "count": 1
            }
          ]
        }
      }
    }
  },
  "installed_plugins": {
    "com.darktalker.cordova.screenshot": {
      "PACKAGE_NAME": "com.framework7.simedarbycommunity"
    },
    "cordova-plugin-camera": {
      "PACKAGE_NAME": "com.framework7.simedarbycommunity"
    },
    "cordova-plugin-contacts-phonenumbers": {
      "CONTACTS_USAGE_DESCRIPTION": "This app needs contacts access",
      "PACKAGE_NAME": "com.framework7.simedarbycommunity"
    },
    "cordova-plugin-decimal-keyboard": {
      "PACKAGE_NAME": "com.framework7.simedarbycommunity"
    },
    "cordova-plugin-device": {
      "PACKAGE_NAME": "com.framework7.simedarbycommunity"
    },
    "cordova-plugin-file": {
      "PACKAGE_NAME": "com.framework7.simedarbycommunity"
    },
    "cordova-plugin-inappbrowser": {
      "PACKAGE_NAME": "com.framework7.simedarbycommunity"
    },
    "cordova-plugin-keyboard": {
      "PACKAGE_NAME": "com.framework7.simedarbycommunity"
    },
    "cordova-plugin-media": {
      "KEEP_AVAUDIOSESSION_ALWAYS_ACTIVE": "NO",
      "PACKAGE_NAME": "com.framework7.simedarbycommunity"
    },
    "cordova-plugin-safariviewcontroller": {
      "PACKAGE_NAME": "com.framework7.simedarbycommunity"
    },
    "cordova-plugin-splashscreen": {
      "PACKAGE_NAME": "com.framework7.simedarbycommunity"
    },
    "cordova-plugin-statusbar": {
      "PACKAGE_NAME": "com.framework7.simedarbycommunity"
    },
    "cordova-plugin-vibration": {
      "PACKAGE_NAME": "com.framework7.simedarbycommunity"
    },
    "cordova-plugin-whitelist": {
      "PACKAGE_NAME": "com.framework7.simedarbycommunity"
    },
    "cordova-plugin-wkwebview-engine": {
      "PACKAGE_NAME": "com.framework7.simedarbycommunity"
    },
    "es6-promise-plugin": {
      "PACKAGE_NAME": "com.framework7.simedarbycommunity"
    },
    "cordova-plugin-x-socialsharing": {
      "PHOTO_LIBRARY_ADD_USAGE_DESCRIPTION": "This app requires photo library access to function properly.",
      "PHOTO_LIBRARY_USAGE_DESCRIPTION": "This app requires photo library access to function properly.",
      "PACKAGE_NAME": "com.framework7.simedarbycommunity"
    },
    "phonegap-plugin-push": {
      "PACKAGE_NAME": "com.framework7.simedarbycommunity"
    }
  },
  "dependent_plugins": {},
  "modules": [
    {
      "id": "com.darktalker.cordova.screenshot.screenshot",
      "file": "plugins/com.darktalker.cordova.screenshot/www/Screenshot.js",
      "pluginId": "com.darktalker.cordova.screenshot",
      "merges": [
        "navigator.screenshot"
      ]
    },
    {
      "id": "cordova-plugin-camera.Camera",
      "file": "plugins/cordova-plugin-camera/www/CameraConstants.js",
      "pluginId": "cordova-plugin-camera",
      "clobbers": [
        "Camera"
      ]
    },
    {
      "id": "cordova-plugin-camera.CameraPopoverOptions",
      "file": "plugins/cordova-plugin-camera/www/CameraPopoverOptions.js",
      "pluginId": "cordova-plugin-camera",
      "clobbers": [
        "CameraPopoverOptions"
      ]
    },
    {
      "id": "cordova-plugin-camera.camera",
      "file": "plugins/cordova-plugin-camera/www/Camera.js",
      "pluginId": "cordova-plugin-camera",
      "clobbers": [
        "navigator.camera"
      ]
    },
    {
      "id": "cordova-plugin-camera.CameraPopoverHandle",
      "file": "plugins/cordova-plugin-camera/www/ios/CameraPopoverHandle.js",
      "pluginId": "cordova-plugin-camera",
      "clobbers": [
        "CameraPopoverHandle"
      ]
    },
    {
      "id": "cordova-plugin-contacts-phonenumbers.contactsPhoneNumbers",
      "file": "plugins/cordova-plugin-contacts-phonenumbers/www/contactsPhoneNumbers.js",
      "pluginId": "cordova-plugin-contacts-phonenumbers",
      "clobbers": [
        "navigator.contactsPhoneNumbers"
      ]
    },
    {
      "id": "cordova-plugin-decimal-keyboard.decimalKeyboard",
      "file": "plugins/cordova-plugin-decimal-keyboard/www/decimal-keyboard.js",
      "pluginId": "cordova-plugin-decimal-keyboard",
      "clobbers": [
        "window.DecimalKeyboard"
      ]
    },
    {
      "id": "cordova-plugin-device.device",
      "file": "plugins/cordova-plugin-device/www/device.js",
      "pluginId": "cordova-plugin-device",
      "clobbers": [
        "device"
      ]
    },
    {
      "id": "cordova-plugin-file.DirectoryEntry",
      "file": "plugins/cordova-plugin-file/www/DirectoryEntry.js",
      "pluginId": "cordova-plugin-file",
      "clobbers": [
        "window.DirectoryEntry"
      ]
    },
    {
      "id": "cordova-plugin-file.DirectoryReader",
      "file": "plugins/cordova-plugin-file/www/DirectoryReader.js",
      "pluginId": "cordova-plugin-file",
      "clobbers": [
        "window.DirectoryReader"
      ]
    },
    {
      "id": "cordova-plugin-file.Entry",
      "file": "plugins/cordova-plugin-file/www/Entry.js",
      "pluginId": "cordova-plugin-file",
      "clobbers": [
        "window.Entry"
      ]
    },
    {
      "id": "cordova-plugin-file.File",
      "file": "plugins/cordova-plugin-file/www/File.js",
      "pluginId": "cordova-plugin-file",
      "clobbers": [
        "window.File"
      ]
    },
    {
      "id": "cordova-plugin-file.FileEntry",
      "file": "plugins/cordova-plugin-file/www/FileEntry.js",
      "pluginId": "cordova-plugin-file",
      "clobbers": [
        "window.FileEntry"
      ]
    },
    {
      "id": "cordova-plugin-file.FileError",
      "file": "plugins/cordova-plugin-file/www/FileError.js",
      "pluginId": "cordova-plugin-file",
      "clobbers": [
        "window.FileError"
      ]
    },
    {
      "id": "cordova-plugin-file.FileReader",
      "file": "plugins/cordova-plugin-file/www/FileReader.js",
      "pluginId": "cordova-plugin-file",
      "clobbers": [
        "window.FileReader"
      ]
    },
    {
      "id": "cordova-plugin-file.FileSystem",
      "file": "plugins/cordova-plugin-file/www/FileSystem.js",
      "pluginId": "cordova-plugin-file",
      "clobbers": [
        "window.FileSystem"
      ]
    },
    {
      "id": "cordova-plugin-file.FileUploadOptions",
      "file": "plugins/cordova-plugin-file/www/FileUploadOptions.js",
      "pluginId": "cordova-plugin-file",
      "clobbers": [
        "window.FileUploadOptions"
      ]
    },
    {
      "id": "cordova-plugin-file.FileUploadResult",
      "file": "plugins/cordova-plugin-file/www/FileUploadResult.js",
      "pluginId": "cordova-plugin-file",
      "clobbers": [
        "window.FileUploadResult"
      ]
    },
    {
      "id": "cordova-plugin-file.FileWriter",
      "file": "plugins/cordova-plugin-file/www/FileWriter.js",
      "pluginId": "cordova-plugin-file",
      "clobbers": [
        "window.FileWriter"
      ]
    },
    {
      "id": "cordova-plugin-file.Flags",
      "file": "plugins/cordova-plugin-file/www/Flags.js",
      "pluginId": "cordova-plugin-file",
      "clobbers": [
        "window.Flags"
      ]
    },
    {
      "id": "cordova-plugin-file.LocalFileSystem",
      "file": "plugins/cordova-plugin-file/www/LocalFileSystem.js",
      "pluginId": "cordova-plugin-file",
      "clobbers": [
        "window.LocalFileSystem"
      ],
      "merges": [
        "window"
      ]
    },
    {
      "id": "cordova-plugin-file.Metadata",
      "file": "plugins/cordova-plugin-file/www/Metadata.js",
      "pluginId": "cordova-plugin-file",
      "clobbers": [
        "window.Metadata"
      ]
    },
    {
      "id": "cordova-plugin-file.ProgressEvent",
      "file": "plugins/cordova-plugin-file/www/ProgressEvent.js",
      "pluginId": "cordova-plugin-file",
      "clobbers": [
        "window.ProgressEvent"
      ]
    },
    {
      "id": "cordova-plugin-file.fileSystems",
      "file": "plugins/cordova-plugin-file/www/fileSystems.js",
      "pluginId": "cordova-plugin-file"
    },
    {
      "id": "cordova-plugin-file.requestFileSystem",
      "file": "plugins/cordova-plugin-file/www/requestFileSystem.js",
      "pluginId": "cordova-plugin-file",
      "clobbers": [
        "window.requestFileSystem"
      ]
    },
    {
      "id": "cordova-plugin-file.resolveLocalFileSystemURI",
      "file": "plugins/cordova-plugin-file/www/resolveLocalFileSystemURI.js",
      "pluginId": "cordova-plugin-file",
      "merges": [
        "window"
      ]
    },
    {
      "id": "cordova-plugin-file.isChrome",
      "file": "plugins/cordova-plugin-file/www/browser/isChrome.js",
      "pluginId": "cordova-plugin-file",
      "runs": true
    },
    {
      "id": "cordova-plugin-file.iosFileSystem",
      "file": "plugins/cordova-plugin-file/www/ios/FileSystem.js",
      "pluginId": "cordova-plugin-file",
      "merges": [
        "FileSystem"
      ]
    },
    {
      "id": "cordova-plugin-file.fileSystems-roots",
      "file": "plugins/cordova-plugin-file/www/fileSystems-roots.js",
      "pluginId": "cordova-plugin-file",
      "runs": true
    },
    {
      "id": "cordova-plugin-file.fileSystemPaths",
      "file": "plugins/cordova-plugin-file/www/fileSystemPaths.js",
      "pluginId": "cordova-plugin-file",
      "merges": [
        "cordova"
      ],
      "runs": true
    },
    {
      "id": "cordova-plugin-inappbrowser.inappbrowser",
      "file": "plugins/cordova-plugin-inappbrowser/www/inappbrowser.js",
      "pluginId": "cordova-plugin-inappbrowser",
      "clobbers": [
        "cordova.InAppBrowser.open",
        "window.open"
      ]
    },
    {
      "id": "cordova-plugin-keyboard.keyboard",
      "file": "plugins/cordova-plugin-keyboard/www/keyboard.js",
      "pluginId": "cordova-plugin-keyboard",
      "clobbers": [
        "window.Keyboard"
      ]
    },
    {
      "id": "cordova-plugin-media.MediaError",
      "file": "plugins/cordova-plugin-media/www/MediaError.js",
      "pluginId": "cordova-plugin-media",
      "clobbers": [
        "window.MediaError"
      ]
    },
    {
      "id": "cordova-plugin-media.Media",
      "file": "plugins/cordova-plugin-media/www/Media.js",
      "pluginId": "cordova-plugin-media",
      "clobbers": [
        "window.Media"
      ]
    },
    {
      "id": "cordova-plugin-safariviewcontroller.SafariViewController",
      "file": "plugins/cordova-plugin-safariviewcontroller/www/SafariViewController.js",
      "pluginId": "cordova-plugin-safariviewcontroller",
      "clobbers": [
        "SafariViewController"
      ]
    },
    {
      "id": "cordova-plugin-splashscreen.SplashScreen",
      "file": "plugins/cordova-plugin-splashscreen/www/splashscreen.js",
      "pluginId": "cordova-plugin-splashscreen",
      "clobbers": [
        "navigator.splashscreen"
      ]
    },
    {
      "id": "cordova-plugin-statusbar.statusbar",
      "file": "plugins/cordova-plugin-statusbar/www/statusbar.js",
      "pluginId": "cordova-plugin-statusbar",
      "clobbers": [
        "window.StatusBar"
      ]
    },
    {
      "id": "cordova-plugin-vibration.notification",
      "file": "plugins/cordova-plugin-vibration/www/vibration.js",
      "pluginId": "cordova-plugin-vibration",
      "merges": [
        "navigator"
      ]
    },
    {
      "id": "cordova-plugin-wkwebview-engine.ios-wkwebview-exec",
      "file": "plugins/cordova-plugin-wkwebview-engine/src/www/ios/ios-wkwebview-exec.js",
      "pluginId": "cordova-plugin-wkwebview-engine",
      "clobbers": [
        "cordova.exec"
      ]
    },
    {
      "id": "cordova-plugin-wkwebview-engine.ios-wkwebview",
      "file": "plugins/cordova-plugin-wkwebview-engine/src/www/ios/ios-wkwebview.js",
      "pluginId": "cordova-plugin-wkwebview-engine",
      "clobbers": [
        "window.WkWebView"
      ]
    },
    {
      "id": "es6-promise-plugin.Promise",
      "file": "plugins/es6-promise-plugin/www/promise.js",
      "pluginId": "es6-promise-plugin",
      "runs": true
    },
    {
      "id": "cordova-plugin-x-socialsharing.SocialSharing",
      "file": "plugins/cordova-plugin-x-socialsharing/www/SocialSharing.js",
      "pluginId": "cordova-plugin-x-socialsharing",
      "clobbers": [
        "window.plugins.socialsharing"
      ]
    },
    {
      "id": "phonegap-plugin-push.PushNotification",
      "file": "plugins/phonegap-plugin-push/www/push.js",
      "pluginId": "phonegap-plugin-push",
      "clobbers": [
        "PushNotification"
      ]
    }
  ],
  "plugin_metadata": {
    "com.darktalker.cordova.screenshot": "0.1.6",
    "cordova-plugin-camera": "4.1.0",
    "cordova-plugin-contacts-phonenumbers": "0.0.12",
    "cordova-plugin-decimal-keyboard": "1.1.0",
    "cordova-plugin-device": "2.0.2",
    "cordova-plugin-file": "6.0.1",
    "cordova-plugin-inappbrowser": "3.0.0",
    "cordova-plugin-keyboard": "1.2.0",
    "cordova-plugin-media": "5.0.2",
    "cordova-plugin-safariviewcontroller": "1.6.0",
    "cordova-plugin-splashscreen": "5.0.2",
    "cordova-plugin-statusbar": "2.4.2",
    "cordova-plugin-vibration": "3.1.1",
    "cordova-plugin-whitelist": "1.3.3",
    "cordova-plugin-wkwebview-engine": "1.1.4",
    "es6-promise-plugin": "4.2.2",
    "cordova-plugin-x-socialsharing": "5.6.0",
    "phonegap-plugin-push": "2.3.0"
  }
}